               epoch,      train/box_loss,      train/obj_loss,      train/cls_loss,   metrics/precision,      metrics/recall,     metrics/mAP_0.5,metrics/mAP_0.5:0.95,        val/box_loss,        val/obj_loss,        val/cls_loss,               x/lr0,               x/lr1,               x/lr2
                   0,            0.049516,            0.057431,            0.079122,             0.10876,             0.24788,             0.16175,            0.098326,            0.041708,            0.041972,             0.02679,             0.00048,             0.00048,             0.09568
                   1,            0.044941,            0.047794,            0.031004,             0.69647,             0.29857,             0.29833,             0.18493,            0.042134,            0.035327,            0.017507,          0.00096997,          0.00096997,             0.09127
                   2,            0.045193,            0.046631,              0.0209,             0.75732,             0.32944,             0.35603,             0.21626,            0.042135,            0.032866,            0.014231,           0.0014598,           0.0014598,             0.08686
                   3,            0.053876,            0.046771,            0.017519,             0.73688,             0.32801,             0.35235,             0.19733,            0.051049,            0.033635,            0.015939,           0.0019494,           0.0019494,            0.082449
                   4,            0.054966,            0.045155,            0.015929,             0.74773,             0.37851,             0.40088,             0.23877,            0.042215,            0.033344,             0.01592,           0.0024386,           0.0024386,            0.078039
                   5,            0.054766,            0.046635,            0.014612,             0.77481,             0.38583,             0.43812,             0.22106,            0.044622,             0.03204,             0.01332,           0.0029274,           0.0029274,            0.073627
                   6,            0.054047,            0.044906,            0.013714,             0.55536,              0.4153,             0.38751,               0.204,            0.054953,            0.031906,            0.013465,           0.0034156,           0.0034156,            0.069216
                   7,            0.053477,            0.044926,            0.013995,              0.7171,             0.36065,             0.40973,              0.2106,            0.046072,            0.032209,            0.012761,           0.0039032,           0.0039032,            0.064803
                   8,            0.053397,            0.044618,            0.012602,             0.76763,             0.42011,             0.45967,             0.25192,             0.04403,            0.032037,            0.011993,             0.00439,             0.00439,             0.06039
                   9,            0.052583,            0.044416,            0.012556,             0.70837,              0.4281,             0.46982,             0.23807,            0.049298,             0.03179,            0.011676,           0.0048759,           0.0048759,            0.055976
                  10,            0.055654,            0.043199,            0.012718,             0.68195,             0.45072,             0.49085,             0.26783,            0.046596,            0.031615,            0.012455,           0.0053609,           0.0053609,            0.051561
                  11,            0.056547,            0.043508,            0.012471,                0.61,               0.482,             0.48877,             0.26756,            0.050388,            0.038777,            0.015924,           0.0058448,           0.0058448,            0.047145
                  12,            0.055684,            0.045312,            0.011801,             0.46186,             0.64359,             0.58338,             0.28879,            0.046152,            0.032527,            0.011978,           0.0063275,           0.0063275,            0.042728
                  13,            0.054147,            0.042419,            0.011714,             0.72369,             0.51387,             0.55369,             0.28432,            0.047087,            0.035279,            0.014144,            0.006809,            0.006809,            0.038309
                  14,            0.054037,            0.043784,            0.011272,             0.68749,             0.60607,             0.64457,              0.3355,             0.04346,            0.032061,            0.011499,            0.007289,            0.007289,            0.033889
                  15,            0.054588,            0.041831,            0.010894,             0.53377,             0.51206,             0.44087,              0.2283,            0.050725,            0.034664,            0.013646,           0.0077676,           0.0077676,            0.029468
                  16,            0.051396,            0.042265,            0.010922,             0.52425,             0.61959,             0.54958,             0.23735,            0.045898,            0.033656,            0.011939,           0.0082446,           0.0082446,            0.025045
                  17,            0.056273,            0.042769,             0.01263,             0.68349,             0.52734,             0.57321,             0.32983,            0.045653,            0.033353,            0.012958,           0.0087199,           0.0087199,             0.02062
                  18,            0.056248,            0.042491,             0.01189,             0.67323,             0.46662,             0.54006,             0.24054,             0.04753,            0.033847,            0.013233,           0.0091934,           0.0091934,            0.016193
                  19,            0.054036,            0.043357,            0.011666,             0.77064,             0.52875,             0.60872,             0.31574,            0.046462,             0.03425,            0.013543,            0.009665,            0.009665,            0.011765
                  20,            0.054074,            0.043351,             0.01138,             0.69055,             0.47931,             0.53683,             0.29936,            0.052191,            0.034122,             0.01304,           0.0098586,           0.0098586,           0.0098586
                  21,            0.051545,            0.043558,            0.010861,             0.65847,             0.52772,              0.5367,             0.29522,            0.045122,            0.034692,            0.012926,           0.0098586,           0.0098586,           0.0098586
                  22,             0.05106,            0.044152,            0.012039,              0.7472,             0.48878,             0.53235,             0.25428,            0.051788,            0.036536,            0.015241,           0.0098442,           0.0098442,           0.0098442
                  23,            0.050351,            0.045023,            0.010554,             0.68551,             0.51319,             0.55684,              0.2842,            0.047418,            0.036043,            0.014166,           0.0098291,           0.0098291,           0.0098291
                  24,            0.050205,            0.045085,            0.010774,             0.67328,             0.43664,             0.51821,             0.27217,            0.046565,            0.035921,            0.013391,           0.0098133,           0.0098133,           0.0098133
                  25,            0.051109,            0.044515,            0.010443,             0.59795,             0.53548,             0.55904,             0.33009,            0.042291,            0.034218,            0.013483,           0.0097969,           0.0097969,           0.0097969
                  26,            0.048212,            0.042336,           0.0095982,              0.7297,             0.48264,             0.60642,             0.27666,            0.043445,            0.034067,            0.012328,           0.0097798,           0.0097798,           0.0097798
                  27,            0.047963,            0.043217,           0.0092706,             0.79604,             0.54966,             0.63002,             0.31284,            0.044254,            0.033729,            0.011573,           0.0097619,           0.0097619,           0.0097619
                  28,            0.047571,            0.043979,           0.0095905,             0.80995,             0.52392,             0.63557,             0.39287,            0.042765,            0.033145,            0.011064,           0.0097435,           0.0097435,           0.0097435
                  29,            0.047904,            0.043146,           0.0092629,             0.62959,             0.50627,             0.55282,             0.25016,            0.042606,            0.036867,            0.013378,           0.0097243,           0.0097243,           0.0097243
                  30,            0.045495,             0.04051,           0.0086632,              0.7268,             0.54162,             0.60073,             0.34622,            0.041171,            0.032223,             0.01079,           0.0097045,           0.0097045,           0.0097045
                  31,            0.046098,            0.042109,           0.0084648,             0.53131,             0.43372,             0.46173,             0.26096,            0.041228,            0.031525,            0.010918,            0.009684,            0.009684,            0.009684
                  32,            0.045713,            0.040528,           0.0087588,             0.61517,             0.55283,             0.61346,             0.28985,            0.042295,            0.032149,            0.011189,           0.0096628,           0.0096628,           0.0096628
                  33,            0.045474,            0.040275,           0.0085741,             0.62698,             0.56849,             0.59427,             0.34446,            0.039637,             0.03172,            0.011541,            0.009641,            0.009641,            0.009641
                  34,            0.045045,            0.042505,           0.0084332,             0.70088,             0.55504,             0.62002,             0.36291,            0.041164,            0.031308,             0.01078,           0.0096186,           0.0096186,           0.0096186
                  35,            0.043536,            0.039199,           0.0081076,              0.6476,             0.58688,             0.64537,             0.36437,            0.040343,            0.032156,            0.010751,           0.0095955,           0.0095955,           0.0095955
                  36,             0.04296,            0.039443,           0.0078947,             0.71614,             0.58634,             0.63177,             0.32964,            0.040428,            0.030803,           0.0099639,           0.0095717,           0.0095717,           0.0095717
                  37,            0.044755,            0.041932,           0.0081138,             0.84901,             0.50953,              0.5852,             0.37641,            0.040705,            0.033775,            0.012003,           0.0095473,           0.0095473,           0.0095473
                  38,            0.043066,            0.037252,           0.0076213,             0.60272,             0.59367,             0.60998,             0.38394,            0.040114,            0.031537,            0.010563,           0.0095223,           0.0095223,           0.0095223
                  39,            0.043796,            0.041296,           0.0075911,             0.81123,             0.59108,             0.67279,             0.33794,             0.03892,            0.031379,             0.01059,           0.0094966,           0.0094966,           0.0094966
                  40,            0.042654,            0.038956,           0.0080718,             0.82782,             0.59831,             0.65095,             0.35911,             0.03878,            0.031766,            0.010404,           0.0094703,           0.0094703,           0.0094703
                  41,            0.042914,            0.039927,           0.0080207,             0.65497,             0.63264,             0.63848,             0.32561,             0.03928,            0.033527,            0.010657,           0.0094434,           0.0094434,           0.0094434
                  42,             0.04252,            0.039175,           0.0075167,              0.8064,             0.54676,             0.64773,             0.36975,            0.039028,            0.031945,            0.010503,           0.0094158,           0.0094158,           0.0094158
                  43,            0.041785,            0.037435,           0.0077558,             0.77859,             0.56276,             0.65414,             0.35521,             0.03948,            0.031629,            0.010491,           0.0093877,           0.0093877,           0.0093877
                  44,            0.041885,            0.038593,           0.0070908,             0.72735,             0.63306,             0.68447,              0.4026,            0.038773,            0.030958,           0.0099304,           0.0093589,           0.0093589,           0.0093589
                  45,              0.0415,            0.037277,           0.0069112,             0.74352,             0.56157,             0.63233,             0.32457,            0.039407,            0.033652,            0.011272,           0.0093295,           0.0093295,           0.0093295
                  46,            0.040966,            0.038972,           0.0069566,             0.69672,             0.59536,             0.62894,             0.32044,            0.039252,            0.032071,            0.010103,           0.0092995,           0.0092995,           0.0092995
                  47,            0.040829,              0.0385,           0.0069294,             0.83547,             0.59953,             0.67705,             0.38438,             0.03895,            0.030783,           0.0095782,           0.0092689,           0.0092689,           0.0092689
                  48,            0.040071,            0.036982,           0.0069793,             0.74377,             0.58374,             0.63221,             0.32478,            0.039823,            0.031959,            0.010847,           0.0092377,           0.0092377,           0.0092377
                  49,            0.041746,            0.039054,            0.006829,             0.82773,             0.53152,             0.65835,             0.40949,            0.037774,            0.031822,           0.0099428,           0.0092059,           0.0092059,           0.0092059
                  50,             0.04104,            0.038455,           0.0072533,             0.80781,             0.55792,             0.66005,             0.39056,            0.038258,             0.03133,           0.0097336,           0.0091735,           0.0091735,           0.0091735
                  51,             0.04077,            0.036975,           0.0066909,             0.78067,             0.58917,              0.6614,             0.38881,            0.037632,            0.031391,           0.0099371,           0.0091406,           0.0091406,           0.0091406
                  52,            0.039681,            0.037327,           0.0065266,             0.75844,             0.58788,             0.64167,             0.38838,            0.038452,            0.031647,            0.010257,           0.0091071,           0.0091071,           0.0091071
                  53,            0.041158,            0.038255,            0.006663,             0.78029,             0.57226,             0.62612,             0.39619,            0.038333,             0.03138,            0.010548,            0.009073,            0.009073,            0.009073
                  54,            0.040167,            0.038311,           0.0066295,             0.73141,             0.60071,             0.66128,             0.39395,            0.038398,            0.031598,            0.010669,           0.0090383,           0.0090383,           0.0090383
                  55,            0.039976,            0.038452,            0.006294,             0.64185,             0.58447,             0.61425,             0.34913,            0.038887,            0.031754,            0.010241,           0.0090031,           0.0090031,           0.0090031
                  56,            0.039575,            0.035634,           0.0062745,             0.71191,             0.57482,              0.6215,             0.36234,            0.040937,            0.034577,            0.011679,           0.0089673,           0.0089673,           0.0089673
                  57,            0.040312,            0.036875,           0.0064023,             0.74005,              0.5462,             0.63157,             0.36599,            0.037724,            0.030786,           0.0093455,            0.008931,            0.008931,            0.008931
                  58,            0.039779,            0.035849,           0.0064792,              0.8052,              0.5519,             0.64979,             0.40224,            0.037887,            0.031301,           0.0099261,           0.0088941,           0.0088941,           0.0088941
                  59,            0.038563,            0.037551,           0.0065276,             0.76082,             0.60688,             0.65748,             0.41238,            0.038131,            0.030445,           0.0094366,           0.0088567,           0.0088567,           0.0088567
                  60,            0.039149,             0.03709,            0.005909,             0.83181,             0.60573,             0.67655,             0.40447,            0.037276,            0.030971,           0.0089411,           0.0088188,           0.0088188,           0.0088188
                  61,            0.039449,            0.037773,           0.0062372,             0.80208,             0.57041,             0.66073,             0.43469,            0.037938,            0.031994,            0.010398,           0.0087804,           0.0087804,           0.0087804
                  62,            0.039258,            0.036626,           0.0061569,             0.67097,              0.5927,             0.62473,             0.35172,             0.03857,            0.032697,            0.011062,           0.0087414,           0.0087414,           0.0087414
                  63,            0.039481,            0.036516,           0.0061023,             0.82142,             0.59525,             0.66299,              0.3409,             0.03811,            0.031816,            0.010484,           0.0087019,           0.0087019,           0.0087019
                  64,            0.038261,            0.038502,           0.0059983,             0.76774,              0.5666,              0.6353,             0.32905,            0.037718,            0.032048,            0.009913,           0.0086619,           0.0086619,           0.0086619
                  65,            0.038293,            0.036601,           0.0059573,              0.7388,             0.60494,             0.65842,             0.38347,            0.037454,            0.031957,           0.0096943,           0.0086214,           0.0086214,           0.0086214
                  66,            0.038966,             0.03776,           0.0056722,             0.85475,              0.5136,             0.64175,             0.36737,             0.03868,            0.032876,           0.0099271,           0.0085805,           0.0085805,           0.0085805
                  67,            0.038313,            0.036761,           0.0061181,             0.78227,             0.62301,             0.67646,             0.33742,            0.037294,            0.031396,           0.0094537,            0.008539,            0.008539,            0.008539
                  68,            0.039178,            0.038319,            0.006153,             0.76444,             0.61906,             0.70033,             0.42867,            0.036589,            0.030232,           0.0090258,           0.0084971,           0.0084971,           0.0084971
                  69,            0.038108,            0.037118,           0.0058079,             0.83226,             0.57773,             0.68881,              0.4228,            0.036188,            0.030811,           0.0086532,           0.0084546,           0.0084546,           0.0084546
                  70,            0.038688,            0.037097,           0.0056847,             0.69809,             0.62199,             0.65597,             0.43937,            0.037095,            0.032007,           0.0099633,           0.0084118,           0.0084118,           0.0084118
                  71,            0.037534,            0.037244,           0.0054742,              0.8267,             0.55198,             0.64806,             0.40512,            0.037096,            0.031386,           0.0095687,           0.0083684,           0.0083684,           0.0083684
                  72,            0.037793,            0.036406,           0.0058081,             0.78628,             0.57573,             0.63239,             0.40697,             0.03921,            0.033477,           0.0099322,           0.0083246,           0.0083246,           0.0083246
                  73,            0.037605,            0.034772,           0.0057216,             0.84068,             0.61944,             0.66525,             0.41648,            0.037444,            0.032146,           0.0094495,           0.0082804,           0.0082804,           0.0082804
                  74,            0.036801,            0.035169,           0.0054463,             0.80211,              0.5982,              0.6594,             0.42388,            0.036677,            0.031277,           0.0098752,           0.0082357,           0.0082357,           0.0082357
                  75,            0.037007,            0.036168,           0.0055462,             0.72352,             0.62482,             0.65624,             0.41768,            0.037195,            0.031546,            0.009791,           0.0081906,           0.0081906,           0.0081906
                  76,             0.03653,            0.036901,           0.0055858,             0.77953,             0.61262,             0.66263,             0.37003,             0.03757,            0.031473,             0.01028,            0.008145,            0.008145,            0.008145
                  77,            0.038109,            0.036566,           0.0055921,             0.79888,             0.60855,             0.66558,             0.41207,            0.036727,            0.031289,           0.0098618,           0.0080991,           0.0080991,           0.0080991
                  78,            0.036595,            0.035522,           0.0054751,             0.82341,             0.62224,             0.68157,             0.42155,            0.036709,             0.03083,           0.0090322,           0.0080527,           0.0080527,           0.0080527
                  79,            0.037079,            0.033906,            0.005361,             0.78921,             0.62906,              0.6874,             0.44429,            0.036508,            0.030447,           0.0090184,           0.0080059,           0.0080059,           0.0080059
                  80,            0.037216,            0.035824,           0.0055793,              0.7302,             0.61202,              0.6578,             0.41775,            0.036963,            0.030914,            0.010384,           0.0079588,           0.0079588,           0.0079588
                  81,             0.03675,              0.0351,           0.0057377,             0.77687,             0.59687,             0.64228,             0.43028,            0.037636,            0.033184,            0.010232,           0.0079112,           0.0079112,           0.0079112
                  82,            0.036971,            0.034862,           0.0053339,             0.75887,              0.6037,             0.67265,              0.4012,            0.036828,            0.031118,           0.0092424,           0.0078633,           0.0078633,           0.0078633
                  83,            0.035355,            0.034041,           0.0050074,             0.85508,             0.59838,             0.67813,             0.45837,             0.03692,            0.031051,           0.0086173,            0.007815,            0.007815,            0.007815
                  84,             0.03592,            0.033731,           0.0053973,             0.73418,             0.63539,              0.6896,             0.40392,            0.036739,            0.030919,           0.0089301,           0.0077663,           0.0077663,           0.0077663
                  85,             0.03732,            0.035784,           0.0052005,             0.85186,             0.59538,             0.68199,             0.41143,            0.036321,             0.03114,           0.0091662,           0.0077173,           0.0077173,           0.0077173
                  86,            0.035804,            0.035354,           0.0049834,             0.77678,             0.60085,             0.67389,             0.44046,            0.036031,            0.030553,           0.0096487,           0.0076679,           0.0076679,           0.0076679
                  87,            0.036641,            0.035474,           0.0051602,             0.87823,             0.57402,             0.66796,             0.41225,            0.037053,            0.031555,            0.010096,           0.0076182,           0.0076182,           0.0076182
                  88,            0.036016,            0.033887,           0.0050615,             0.83106,             0.59171,              0.6747,             0.40541,            0.036581,            0.030738,           0.0092169,           0.0075681,           0.0075681,           0.0075681
                  89,            0.037156,            0.035994,           0.0050876,             0.79361,              0.6213,             0.67976,             0.45026,              0.0361,            0.031132,           0.0094332,           0.0075177,           0.0075177,           0.0075177
                  90,            0.035075,            0.033992,           0.0048824,             0.83019,             0.59656,             0.67705,             0.42721,            0.036246,            0.030425,           0.0099043,            0.007467,            0.007467,            0.007467
                  91,            0.035159,            0.033681,           0.0048076,             0.81022,             0.61995,             0.67917,             0.41471,            0.036017,            0.031278,           0.0097801,            0.007416,            0.007416,            0.007416
                  92,            0.035904,            0.034795,           0.0047667,             0.81576,             0.61654,                 0.7,              0.4365,            0.035779,            0.030733,           0.0091123,           0.0073647,           0.0073647,           0.0073647
                  93,            0.036209,            0.033999,           0.0049272,             0.77338,             0.62843,             0.69417,             0.46299,            0.036161,            0.031307,           0.0091648,           0.0073131,           0.0073131,           0.0073131
                  94,            0.036553,             0.03474,           0.0049545,             0.89458,             0.57784,             0.68427,             0.42157,            0.036226,             0.03163,           0.0099001,           0.0072612,           0.0072612,           0.0072612
                  95,            0.034895,            0.033723,           0.0047446,             0.82089,             0.62617,             0.67914,             0.44189,             0.03646,            0.031672,           0.0094645,            0.007209,            0.007209,            0.007209
                  96,            0.035542,            0.034474,           0.0046511,             0.76298,             0.64481,             0.69758,             0.44631,            0.036585,             0.03094,           0.0088979,           0.0071566,           0.0071566,           0.0071566
                  97,            0.035541,            0.035519,           0.0048859,             0.77695,             0.64211,             0.69658,             0.43846,             0.03514,             0.03074,           0.0086053,           0.0071039,           0.0071039,           0.0071039
                  98,            0.035732,            0.034641,           0.0046144,             0.84192,             0.61711,              0.6872,             0.41655,            0.036315,            0.030705,           0.0089234,           0.0070509,           0.0070509,           0.0070509
                  99,            0.034014,            0.032742,            0.004711,             0.75073,             0.61749,             0.64146,              0.4354,            0.037441,            0.032391,            0.010181,           0.0069977,           0.0069977,           0.0069977
                 100,            0.036295,            0.035697,           0.0050268,             0.82522,              0.6022,             0.67554,             0.44089,            0.036112,            0.031252,           0.0096365,           0.0069442,           0.0069442,           0.0069442
                 101,            0.034861,            0.034124,           0.0047269,             0.83651,              0.6123,             0.66227,             0.42783,            0.036282,            0.031265,            0.009804,           0.0068906,           0.0068906,           0.0068906
                 102,            0.034964,            0.034284,           0.0047368,             0.78622,             0.62539,             0.67371,             0.41066,            0.036406,            0.032069,           0.0096982,           0.0068367,           0.0068367,           0.0068367
                 103,            0.034303,            0.034021,           0.0045186,             0.77964,             0.62471,              0.6797,             0.40093,             0.03645,             0.03131,           0.0098922,           0.0067826,           0.0067826,           0.0067826
                 104,            0.034699,             0.03412,            0.004512,              0.8115,             0.61349,             0.67156,             0.44781,            0.036205,            0.031189,           0.0099856,           0.0067283,           0.0067283,           0.0067283
                 105,            0.034298,            0.033094,           0.0042631,               0.864,             0.61981,             0.69883,             0.42978,            0.035471,            0.030177,           0.0090026,           0.0066738,           0.0066738,           0.0066738
                 106,            0.034862,            0.034458,           0.0045676,             0.80977,              0.6329,             0.68905,             0.42003,            0.035877,            0.030838,           0.0092619,           0.0066191,           0.0066191,           0.0066191
                 107,            0.034306,             0.03404,           0.0043712,             0.83827,             0.63417,             0.68698,             0.41582,             0.03632,            0.031648,           0.0094576,           0.0065642,           0.0065642,           0.0065642
                 108,            0.034597,            0.033878,           0.0042533,             0.86764,             0.61145,             0.69536,             0.46046,            0.035612,             0.03106,           0.0094742,           0.0065092,           0.0065092,           0.0065092
                 109,            0.033889,            0.033914,           0.0046327,             0.84378,             0.62877,             0.70082,             0.44907,            0.035322,            0.030366,           0.0093461,            0.006454,            0.006454,            0.006454
                 110,            0.034141,            0.034738,           0.0045022,             0.73678,             0.63972,             0.68959,             0.45502,            0.035885,            0.030655,           0.0095931,           0.0063987,           0.0063987,           0.0063987
                 111,            0.034053,            0.032975,           0.0042075,             0.84876,             0.63848,             0.70294,             0.42645,            0.035187,            0.030481,            0.008878,           0.0063432,           0.0063432,           0.0063432
                 112,             0.03345,            0.032951,           0.0042957,             0.86291,             0.62587,             0.71616,              0.4274,            0.035282,            0.029849,           0.0086117,           0.0062876,           0.0062876,           0.0062876
                 113,            0.035512,            0.035354,           0.0044965,             0.83523,             0.62489,             0.72362,             0.44481,            0.035482,            0.030278,           0.0085307,           0.0062319,           0.0062319,           0.0062319
                 114,            0.034034,             0.03367,            0.004426,             0.79957,             0.61715,             0.69372,             0.42941,            0.036091,            0.031678,             0.00933,            0.006176,            0.006176,            0.006176
                 115,            0.033325,            0.033056,           0.0044833,             0.87126,             0.61013,             0.69452,             0.45497,            0.035514,            0.031153,           0.0094906,           0.0061201,           0.0061201,           0.0061201
                 116,            0.034729,            0.034924,           0.0044461,             0.85564,             0.61955,             0.68997,             0.42221,            0.036142,            0.031488,           0.0096286,            0.006064,            0.006064,            0.006064
                 117,            0.033717,            0.032513,           0.0043079,              0.8621,              0.6144,             0.70306,             0.42911,            0.035327,            0.030345,           0.0093394,           0.0060079,           0.0060079,           0.0060079
                 118,            0.033912,            0.033245,           0.0042211,             0.83827,             0.60747,             0.67995,             0.43751,             0.03612,            0.031583,           0.0097061,           0.0059516,           0.0059516,           0.0059516
                 119,            0.033623,            0.032833,           0.0041958,             0.80112,             0.63703,             0.70425,             0.43623,             0.03542,            0.030878,            0.009169,           0.0058953,           0.0058953,           0.0058953
                 120,            0.034535,            0.035271,            0.004096,             0.82425,             0.61315,             0.69057,             0.42012,            0.036256,            0.031289,           0.0091501,            0.005839,            0.005839,            0.005839
                 121,            0.033987,            0.033477,           0.0044618,             0.81029,             0.62247,             0.70933,             0.45968,            0.035172,            0.030786,           0.0094889,           0.0057826,           0.0057826,           0.0057826
                 122,            0.033324,            0.032712,           0.0039516,             0.73278,             0.63084,             0.67756,             0.43139,            0.035988,             0.03128,           0.0096429,           0.0057261,           0.0057261,           0.0057261
                 123,            0.033532,            0.033004,           0.0038745,             0.82723,             0.61385,             0.68656,             0.44698,            0.035938,             0.03156,           0.0096106,           0.0056696,           0.0056696,           0.0056696
                 124,            0.032197,            0.031773,           0.0039408,             0.83275,             0.61385,             0.68829,              0.4466,             0.03565,            0.030892,           0.0092497,           0.0056131,           0.0056131,           0.0056131
                 125,            0.033369,            0.033461,           0.0041075,             0.86572,             0.61608,              0.7015,             0.42667,            0.035476,            0.030704,           0.0091422,           0.0055565,           0.0055565,           0.0055565
                 126,            0.032575,              0.0318,           0.0037882,             0.84742,             0.60081,             0.67641,             0.44314,            0.035772,            0.031672,           0.0094076,              0.0055,              0.0055,              0.0055
                 127,            0.033698,            0.032837,           0.0039019,             0.83821,             0.63318,             0.70363,             0.47256,            0.035364,            0.030658,           0.0085389,           0.0054435,           0.0054435,           0.0054435
                 128,            0.032906,            0.032243,           0.0039588,             0.86279,             0.60149,              0.7012,              0.4064,            0.035844,             0.03122,           0.0089535,           0.0053869,           0.0053869,           0.0053869
                 129,            0.033402,            0.032248,           0.0040203,             0.83564,             0.62454,             0.68252,             0.37842,            0.035992,            0.031377,           0.0094008,           0.0053304,           0.0053304,           0.0053304
                 130,            0.033187,            0.034549,           0.0037755,             0.81819,             0.64127,             0.68941,             0.44375,            0.035617,            0.031781,           0.0094088,           0.0052739,           0.0052739,           0.0052739
                 131,            0.031941,             0.03115,           0.0038365,             0.83659,              0.6135,             0.68943,             0.45675,            0.035964,            0.031397,           0.0095641,           0.0052174,           0.0052174,           0.0052174
                 132,            0.033289,            0.033058,            0.003829,             0.80866,             0.60576,             0.67614,             0.45503,            0.035905,              0.0311,            0.009623,            0.005161,            0.005161,            0.005161
                 133,            0.031847,            0.031517,           0.0037599,             0.85615,             0.61492,             0.68629,             0.45798,            0.035854,            0.031376,           0.0091627,           0.0051047,           0.0051047,           0.0051047
                 134,            0.032254,            0.033803,           0.0036631,             0.86536,             0.61748,             0.68136,             0.44493,             0.03531,             0.03101,           0.0094127,           0.0050484,           0.0050484,           0.0050484
                 135,            0.032597,            0.032373,           0.0039162,             0.82205,             0.60886,             0.69044,             0.43824,            0.035999,            0.031756,           0.0092738,           0.0049921,           0.0049921,           0.0049921
                 136,            0.032582,            0.032576,           0.0038465,              0.8119,             0.64145,             0.69325,             0.43864,            0.035381,            0.031171,           0.0093224,            0.004936,            0.004936,            0.004936
                 137,            0.032735,            0.031837,           0.0036724,              0.8817,             0.61859,             0.70076,             0.45779,            0.034917,            0.030424,           0.0090713,           0.0048799,           0.0048799,           0.0048799
                 138,             0.03259,            0.032028,           0.0037194,             0.87931,             0.60954,              0.6968,             0.47018,            0.035326,            0.031294,           0.0091792,            0.004824,            0.004824,            0.004824
                 139,            0.031378,            0.032115,           0.0039052,             0.84918,             0.62381,              0.7036,             0.45205,            0.035202,            0.030874,            0.009183,           0.0047681,           0.0047681,           0.0047681
                 140,            0.032433,            0.032226,           0.0039355,             0.83389,             0.61339,             0.70762,             0.45151,            0.035437,            0.031388,           0.0092085,           0.0047124,           0.0047124,           0.0047124
                 141,            0.030929,            0.029889,           0.0036995,             0.85382,             0.62464,             0.70081,             0.45497,             0.03539,            0.031338,           0.0092981,           0.0046568,           0.0046568,           0.0046568
                 142,            0.031694,            0.030713,           0.0036231,             0.85094,             0.62554,             0.69872,             0.45135,            0.035404,            0.031376,           0.0094583,           0.0046013,           0.0046013,           0.0046013
                 143,            0.031654,            0.031896,           0.0036797,             0.86323,             0.62252,             0.70264,             0.44586,            0.035712,             0.03179,           0.0094498,            0.004546,            0.004546,            0.004546
                 144,            0.031589,            0.031139,           0.0036965,             0.87724,             0.62343,              0.7073,             0.45306,            0.035255,            0.030948,           0.0093288,           0.0044908,           0.0044908,           0.0044908
                 145,            0.031313,            0.030456,           0.0037749,             0.87618,              0.6225,             0.71092,             0.47449,            0.035386,            0.031302,            0.008954,           0.0044358,           0.0044358,           0.0044358
                 146,            0.031368,            0.031298,           0.0035329,             0.85977,              0.6194,             0.70944,             0.43275,            0.035351,            0.031418,           0.0091563,           0.0043809,           0.0043809,           0.0043809
                 147,            0.030923,            0.030738,           0.0034162,             0.82305,              0.6191,             0.68674,             0.47088,            0.035397,            0.031538,           0.0095079,           0.0043262,           0.0043262,           0.0043262
                 148,            0.031835,            0.032031,           0.0032896,             0.85388,             0.60788,             0.69488,             0.44825,            0.035436,            0.031522,           0.0095712,           0.0042717,           0.0042717,           0.0042717
                 149,            0.031112,             0.02989,           0.0035737,             0.78236,             0.63009,             0.68325,             0.43771,             0.03573,            0.032368,           0.0094403,           0.0042174,           0.0042174,           0.0042174
                 150,            0.031634,            0.031374,           0.0033979,              0.8614,             0.60769,             0.68513,              0.4384,            0.035396,            0.032518,           0.0092853,           0.0041633,           0.0041633,           0.0041633
                 151,            0.031308,            0.030534,           0.0036479,             0.87257,             0.62294,             0.69185,             0.39848,             0.03546,            0.031536,           0.0096272,           0.0041094,           0.0041094,           0.0041094
                 152,            0.030623,            0.030867,           0.0032925,             0.85385,             0.62363,             0.71705,             0.45286,            0.035317,            0.031434,           0.0088931,           0.0040558,           0.0040558,           0.0040558
                 153,            0.031403,            0.030673,           0.0034377,             0.87892,              0.6253,             0.69843,             0.45599,            0.035231,            0.031378,           0.0086576,           0.0040023,           0.0040023,           0.0040023
                 154,            0.030615,            0.030817,           0.0033713,             0.83629,             0.63425,             0.68716,             0.46719,            0.035442,            0.031309,           0.0094207,           0.0039491,           0.0039491,           0.0039491
                 155,            0.030616,             0.03077,           0.0036696,             0.84673,             0.61264,             0.69451,             0.45185,            0.035248,            0.031727,           0.0091715,           0.0038961,           0.0038961,           0.0038961
                 156,            0.031336,            0.030233,            0.003234,             0.87719,             0.60072,              0.6858,             0.43696,             0.03579,            0.032628,           0.0088817,           0.0038434,           0.0038434,           0.0038434
                 157,            0.030218,            0.030179,           0.0035321,             0.87188,             0.62631,             0.68514,             0.45165,             0.03519,            0.031919,           0.0091951,            0.003791,            0.003791,            0.003791
                 158,            0.030984,            0.029644,           0.0032375,             0.82764,             0.63576,             0.68987,             0.41459,            0.035115,            0.031561,           0.0098828,           0.0037388,           0.0037388,           0.0037388
                 159,            0.030382,            0.031745,           0.0034213,             0.82927,             0.63649,             0.69369,             0.47527,             0.03518,            0.031643,           0.0095462,           0.0036869,           0.0036869,           0.0036869
                 160,            0.030393,            0.028948,           0.0032989,             0.84436,             0.61358,             0.68648,             0.44903,            0.035101,            0.031855,           0.0091014,           0.0036353,           0.0036353,           0.0036353
                 161,            0.031263,            0.031353,           0.0033615,             0.85218,             0.61091,             0.69422,             0.46949,            0.035016,            0.031735,           0.0092803,            0.003584,            0.003584,            0.003584
                 162,            0.030431,            0.030384,           0.0032339,             0.88366,             0.60421,             0.68083,             0.44923,            0.035289,            0.031777,           0.0092786,            0.003533,            0.003533,            0.003533
                 163,            0.029951,            0.030447,           0.0033774,              0.8501,             0.63006,             0.69819,             0.46129,            0.035149,            0.031102,           0.0092199,           0.0034823,           0.0034823,           0.0034823
                 164,            0.030962,            0.030826,           0.0032271,             0.85991,             0.61834,             0.69473,             0.46925,            0.035298,            0.031972,           0.0092272,           0.0034319,           0.0034319,           0.0034319
                 165,            0.031087,              0.0303,           0.0033106,             0.88529,             0.60059,             0.68904,             0.47028,            0.035229,            0.031924,           0.0090268,           0.0033818,           0.0033818,           0.0033818
                 166,            0.030832,             0.03188,           0.0031157,             0.83479,             0.64367,             0.69232,             0.45653,            0.035158,            0.031859,           0.0088632,           0.0033321,           0.0033321,           0.0033321
                 167,            0.030732,            0.030422,            0.003202,             0.83118,             0.63443,             0.69385,             0.46868,            0.035173,            0.031888,           0.0087851,           0.0032827,           0.0032827,           0.0032827
                 168,            0.029969,            0.029938,           0.0030852,             0.84753,             0.62793,             0.69558,             0.45622,            0.035051,            0.031867,           0.0087889,           0.0032337,           0.0032337,           0.0032337
                 169,            0.030179,            0.030088,           0.0031516,             0.83345,              0.6326,             0.69674,             0.45519,             0.03519,            0.032074,           0.0087302,            0.003185,            0.003185,            0.003185
                 170,            0.029742,            0.029268,           0.0032082,             0.85728,             0.62592,             0.69366,             0.47007,            0.035114,             0.03189,           0.0091661,           0.0031367,           0.0031367,           0.0031367
                 171,            0.029809,            0.029811,           0.0030022,             0.87203,             0.61655,             0.68638,             0.43476,            0.034894,            0.031692,           0.0088239,           0.0030888,           0.0030888,           0.0030888
                 172,            0.030128,            0.029923,           0.0029675,             0.86042,             0.61413,             0.68649,             0.45492,            0.035199,            0.031615,           0.0086312,           0.0030412,           0.0030412,           0.0030412
                 173,            0.028861,            0.029013,           0.0031662,             0.83595,             0.62528,             0.71014,              0.4817,            0.035026,            0.031289,           0.0087093,           0.0029941,           0.0029941,           0.0029941
                 174,            0.029231,            0.028896,           0.0030664,               0.871,             0.61227,             0.70338,              0.4622,            0.035387,            0.031917,           0.0088912,           0.0029473,           0.0029473,           0.0029473
                 175,            0.029614,            0.028841,           0.0027789,             0.84582,             0.61838,             0.69569,             0.47752,            0.034928,            0.031434,            0.008667,           0.0029009,           0.0029009,           0.0029009
                 176,            0.030643,            0.031036,           0.0028289,             0.85401,             0.61462,             0.69105,             0.47376,            0.034994,            0.031203,           0.0087781,            0.002855,            0.002855,            0.002855
                 177,            0.029121,            0.029286,           0.0029689,             0.82932,             0.62488,             0.69132,             0.48977,            0.035031,            0.031634,            0.008886,           0.0028094,           0.0028094,           0.0028094
                 178,            0.029829,            0.029835,           0.0030593,             0.89158,             0.61111,              0.7109,             0.45457,            0.035255,            0.031356,           0.0089349,           0.0027643,           0.0027643,           0.0027643
                 179,            0.028915,            0.029387,           0.0030383,             0.88894,             0.61425,             0.71027,             0.46047,            0.035233,            0.031562,           0.0089885,           0.0027196,           0.0027196,           0.0027196
                 180,            0.029753,            0.030344,           0.0029357,             0.86446,             0.62937,             0.70734,             0.46316,             0.03513,            0.031638,           0.0091281,           0.0026754,           0.0026754,           0.0026754
                 181,            0.028975,            0.029005,           0.0029277,             0.88126,             0.61012,             0.70832,             0.48251,            0.034899,             0.03171,           0.0085469,           0.0026316,           0.0026316,           0.0026316
                 182,            0.030665,            0.030951,           0.0027718,             0.86623,             0.61521,             0.70089,             0.46057,            0.034953,            0.032252,           0.0085118,           0.0025882,           0.0025882,           0.0025882
                 183,            0.029089,            0.029733,           0.0029119,              0.8874,             0.61512,             0.69754,             0.48041,            0.034931,            0.031662,           0.0088927,           0.0025454,           0.0025454,           0.0025454
                 184,            0.029449,            0.028805,           0.0028002,             0.88839,               0.617,              0.7033,             0.48013,            0.034928,            0.031639,           0.0087977,           0.0025029,           0.0025029,           0.0025029
                 185,            0.029557,            0.029667,           0.0028685,             0.88217,             0.61315,             0.69737,              0.4656,            0.034603,            0.031637,            0.008728,            0.002461,            0.002461,            0.002461
                 186,            0.029707,            0.030128,           0.0028148,             0.87982,              0.6102,             0.70294,             0.45838,             0.03485,            0.031994,           0.0086802,           0.0024195,           0.0024195,           0.0024195
                 187,            0.029795,            0.030563,            0.002973,             0.87213,             0.60203,             0.69513,             0.47479,            0.034634,             0.03217,           0.0088701,           0.0023786,           0.0023786,           0.0023786
                 188,             0.02889,             0.02881,           0.0028953,             0.87594,             0.61525,             0.70629,             0.48289,            0.034683,            0.031824,           0.0088369,           0.0023381,           0.0023381,           0.0023381
                 189,            0.029175,            0.029056,           0.0029932,             0.86295,             0.62022,             0.70349,             0.49989,             0.03471,            0.031969,           0.0085434,           0.0022981,           0.0022981,           0.0022981
                 190,            0.029433,            0.029897,           0.0026883,             0.84097,             0.63983,              0.7025,             0.48006,            0.034798,            0.031671,           0.0085977,           0.0022586,           0.0022586,           0.0022586
                 191,            0.029082,            0.028867,           0.0026889,             0.88939,             0.61384,             0.69633,             0.46332,            0.034781,            0.031773,           0.0089971,           0.0022196,           0.0022196,           0.0022196
                 192,            0.029807,            0.030471,           0.0029578,             0.86829,             0.62065,               0.711,             0.48504,            0.034782,            0.031679,           0.0089432,           0.0021812,           0.0021812,           0.0021812
                 193,            0.029427,            0.028562,           0.0028227,             0.88247,              0.6162,             0.69966,             0.48288,            0.034959,            0.032304,           0.0089426,           0.0021433,           0.0021433,           0.0021433
                 194,             0.02793,            0.027719,           0.0026785,              0.8643,             0.61397,             0.69274,             0.48018,            0.034907,            0.032417,           0.0090926,           0.0021059,           0.0021059,           0.0021059
                 195,            0.028868,            0.028999,           0.0026909,              0.8706,              0.6178,             0.69836,             0.44842,            0.035004,            0.032376,           0.0088063,            0.002069,            0.002069,            0.002069
                 196,            0.028226,             0.02848,           0.0026362,             0.83951,             0.61434,             0.69082,             0.47576,            0.035189,            0.032931,           0.0092259,           0.0020327,           0.0020327,           0.0020327
                 197,            0.028893,             0.02878,           0.0024403,               0.854,             0.62347,             0.69418,              0.4592,            0.034855,            0.031955,           0.0094344,           0.0019969,           0.0019969,           0.0019969
                 198,             0.02854,            0.029852,           0.0026205,             0.87779,             0.61625,             0.70009,              0.4784,            0.034847,            0.031635,            0.009047,           0.0019617,           0.0019617,           0.0019617
                 199,            0.028288,            0.028493,           0.0027211,             0.88923,             0.61142,             0.69492,             0.47721,            0.034789,            0.031673,           0.0090467,            0.001927,            0.001927,            0.001927
                 200,            0.028408,            0.029222,           0.0025635,             0.87891,             0.60949,              0.6903,             0.48432,            0.034786,            0.032297,           0.0096079,           0.0018929,           0.0018929,           0.0018929
                 201,            0.028737,            0.029648,           0.0026308,             0.87615,             0.61496,             0.70529,             0.48694,            0.034907,            0.031872,           0.0096634,           0.0018594,           0.0018594,           0.0018594
                 202,            0.028629,            0.028708,           0.0027062,             0.87802,             0.61515,             0.70626,               0.485,            0.034824,            0.031528,           0.0095208,           0.0018265,           0.0018265,           0.0018265
                 203,            0.028188,            0.029233,            0.002686,             0.85702,             0.61625,             0.69976,              0.4866,            0.034677,            0.031995,           0.0092278,           0.0017941,           0.0017941,           0.0017941
                 204,            0.028108,            0.027917,           0.0025168,             0.89678,             0.61148,             0.70024,             0.45059,            0.034769,            0.032179,           0.0093797,           0.0017623,           0.0017623,           0.0017623
                 205,            0.028009,            0.028691,           0.0026169,             0.90492,             0.60468,             0.70576,             0.45254,            0.034805,            0.032146,           0.0093349,           0.0017311,           0.0017311,           0.0017311
                 206,            0.028736,              0.0309,           0.0025131,             0.83156,             0.65059,             0.70836,              0.4843,            0.034803,            0.032013,           0.0095406,           0.0017005,           0.0017005,           0.0017005
                 207,             0.02827,            0.029019,           0.0024276,             0.86738,              0.6393,             0.69863,             0.46965,            0.034865,            0.031942,           0.0095599,           0.0016705,           0.0016705,           0.0016705
                 208,            0.028656,            0.029669,           0.0024552,             0.87934,             0.62182,             0.69965,             0.47738,            0.035135,            0.032276,           0.0093828,           0.0016411,           0.0016411,           0.0016411
                 209,            0.029093,            0.029945,           0.0027315,             0.88746,             0.61921,             0.70684,             0.46281,            0.035173,            0.032479,           0.0093082,           0.0016123,           0.0016123,           0.0016123
                 210,            0.028041,            0.029159,           0.0024919,             0.87315,             0.62212,             0.70567,             0.46887,            0.035059,            0.032657,           0.0095017,           0.0015842,           0.0015842,           0.0015842
                 211,            0.028482,            0.028361,           0.0026854,             0.86729,             0.62487,             0.70508,             0.48625,            0.034988,            0.032456,           0.0094751,           0.0015566,           0.0015566,           0.0015566
                 212,            0.028218,            0.028469,           0.0024884,             0.83996,             0.63171,             0.68917,             0.48057,            0.034849,            0.032439,           0.0093438,           0.0015297,           0.0015297,           0.0015297
                 213,            0.028535,            0.029386,           0.0024765,              0.8569,              0.6201,             0.71375,             0.46556,            0.034898,            0.032233,           0.0092008,           0.0015034,           0.0015034,           0.0015034
                 214,            0.028608,            0.029108,           0.0024507,             0.85564,             0.63085,             0.70476,             0.46435,            0.034777,            0.032261,           0.0092987,           0.0014777,           0.0014777,           0.0014777
                 215,            0.028247,            0.030145,           0.0025539,             0.84669,             0.62513,             0.69212,             0.48308,            0.035014,            0.032659,           0.0094831,           0.0014527,           0.0014527,           0.0014527
                 216,            0.027541,            0.029135,           0.0024794,             0.87066,             0.62121,             0.69166,             0.48552,            0.034686,            0.032485,           0.0091239,           0.0014283,           0.0014283,           0.0014283
                 217,            0.028005,            0.029183,            0.002204,             0.84749,             0.63039,             0.69544,             0.49055,             0.03471,            0.032237,           0.0090484,           0.0014045,           0.0014045,           0.0014045
                 218,            0.028793,            0.028867,           0.0023348,              0.8631,             0.62594,             0.69908,             0.48509,            0.034825,            0.032259,           0.0089432,           0.0013814,           0.0013814,           0.0013814
                 219,            0.027947,            0.028077,           0.0024522,             0.86086,             0.62537,             0.69578,             0.48009,            0.034845,            0.032128,           0.0090256,            0.001359,            0.001359,            0.001359
                 220,            0.027739,            0.026887,           0.0022749,             0.87522,             0.61781,              0.6951,             0.48683,            0.034938,            0.032166,           0.0091372,           0.0013372,           0.0013372,           0.0013372
                 221,            0.028023,            0.028864,           0.0023548,             0.87997,             0.62125,             0.69616,             0.48932,            0.034793,            0.032136,           0.0091013,            0.001316,            0.001316,            0.001316
                 222,            0.026851,             0.02629,            0.002309,             0.86155,             0.61785,             0.69445,             0.48136,            0.034874,            0.032231,           0.0092013,           0.0012955,           0.0012955,           0.0012955
                 223,            0.028059,            0.029818,           0.0023573,             0.86804,             0.62022,             0.69822,             0.46484,             0.03496,            0.032227,           0.0092504,           0.0012757,           0.0012757,           0.0012757
                 224,            0.028271,            0.029722,           0.0024467,             0.87627,             0.61189,             0.69722,             0.48019,            0.034916,            0.032476,           0.0093931,           0.0012565,           0.0012565,           0.0012565
                 225,            0.028047,            0.027721,           0.0023009,             0.86626,             0.61158,             0.69018,             0.47472,            0.034943,            0.032899,           0.0095056,           0.0012381,           0.0012381,           0.0012381
                 226,            0.028217,            0.028526,           0.0025849,             0.84912,             0.62309,             0.69479,             0.46982,            0.035021,            0.032525,           0.0094397,           0.0012202,           0.0012202,           0.0012202
                 227,            0.027344,             0.02734,            0.002303,             0.83763,             0.63265,             0.68864,             0.47577,            0.034919,            0.032218,           0.0093389,           0.0012031,           0.0012031,           0.0012031
                 228,            0.027863,            0.028223,           0.0025628,              0.8155,             0.62784,             0.69272,             0.43864,            0.035087,            0.032339,           0.0094742,           0.0011867,           0.0011867,           0.0011867
                 229,             0.02787,            0.028259,            0.002326,             0.87272,             0.61006,             0.69006,             0.47257,            0.034969,            0.032385,            0.009667,           0.0011709,           0.0011709,           0.0011709
                 230,            0.026988,            0.027821,           0.0022279,              0.8775,             0.62316,              0.6951,              0.4612,            0.034888,            0.032159,           0.0093601,           0.0011558,           0.0011558,           0.0011558
                 231,            0.027456,            0.028771,           0.0023333,             0.88092,             0.60876,             0.69214,             0.44577,            0.034921,            0.032338,           0.0094195,           0.0011414,           0.0011414,           0.0011414
                 232,            0.027682,            0.027688,           0.0024024,             0.88485,             0.61244,             0.70009,             0.46992,            0.034902,            0.032272,           0.0092413,           0.0011277,           0.0011277,           0.0011277
                 233,            0.028064,            0.029573,           0.0023274,             0.88656,             0.60424,             0.69222,             0.47867,            0.034867,            0.032563,           0.0094238,           0.0011146,           0.0011146,           0.0011146
                 234,            0.027411,            0.027286,           0.0023871,             0.87692,             0.60833,              0.6931,             0.47975,            0.034873,            0.032568,           0.0094324,           0.0011023,           0.0011023,           0.0011023
                 235,            0.028249,            0.029059,           0.0023111,             0.87565,             0.60848,             0.68895,             0.47888,            0.034989,             0.03261,           0.0095198,           0.0010907,           0.0010907,           0.0010907
                 236,            0.027978,             0.02875,           0.0021281,             0.86647,             0.61832,             0.69091,             0.47961,            0.035041,            0.032573,           0.0094402,           0.0010797,           0.0010797,           0.0010797
                 237,            0.027468,            0.027993,           0.0022066,             0.89079,             0.61481,             0.69903,             0.46338,            0.034975,            0.032411,            0.009542,           0.0010695,           0.0010695,           0.0010695
                 238,            0.027687,            0.027591,           0.0022673,             0.89594,             0.61756,             0.70632,             0.46867,            0.034965,            0.032294,            0.009387,           0.0010599,           0.0010599,           0.0010599
                 239,            0.026911,            0.027795,           0.0021932,             0.87864,             0.62146,             0.70491,             0.48593,            0.034987,            0.032194,           0.0093036,           0.0010511,           0.0010511,           0.0010511
                 240,            0.027367,            0.028266,            0.002341,             0.88976,             0.61649,             0.70537,             0.48409,            0.034968,            0.032352,           0.0093436,           0.0010429,           0.0010429,           0.0010429
                 241,            0.027659,            0.028821,           0.0021026,             0.89827,             0.61535,             0.69935,             0.48341,            0.035052,             0.03245,           0.0093476,           0.0010355,           0.0010355,           0.0010355
                 242,            0.027386,            0.027783,           0.0024653,             0.87382,             0.62772,             0.70492,             0.49963,            0.035028,             0.03246,            0.009113,           0.0010287,           0.0010287,           0.0010287
                 243,            0.027579,            0.028567,           0.0022511,             0.89368,             0.61424,             0.70203,             0.48263,            0.035065,            0.032512,            0.009771,           0.0010227,           0.0010227,           0.0010227
                 244,            0.027106,            0.027522,           0.0021951,             0.90343,             0.62023,             0.70434,             0.48339,            0.034889,             0.03236,           0.0096338,           0.0010174,           0.0010174,           0.0010174
                 245,            0.027532,            0.027952,           0.0021976,             0.90512,             0.62195,             0.70318,             0.46723,             0.03488,             0.03215,           0.0095687,           0.0010128,           0.0010128,           0.0010128
                 246,            0.027419,            0.028387,           0.0023792,             0.89469,               0.619,             0.69781,             0.48275,            0.034974,            0.032098,           0.0096264,           0.0010089,           0.0010089,           0.0010089
                 247,            0.027684,            0.029177,           0.0022818,             0.89516,             0.61221,             0.69423,             0.48064,            0.035001,            0.032387,            0.009371,           0.0010057,           0.0010057,           0.0010057
                 248,             0.02692,            0.027881,           0.0023195,             0.87614,             0.63264,             0.69914,             0.48006,            0.035054,            0.032289,           0.0092576,           0.0010032,           0.0010032,           0.0010032
                 249,            0.027771,            0.028522,           0.0023293,             0.85567,             0.63886,             0.69925,             0.47839,               0.035,            0.032334,           0.0093035,           0.0010014,           0.0010014,           0.0010014
